Question,OptionA,OptionB,OptionC,OptionD,CorrectAnswer
"Assume that the solar flux at Earth's surface is 1,000 W/m^2 and that the sunlight is normal to a completely reflecting surface with an area of 3 m^2. What is the total radiation force in Newtons exerted on the surface?",1.953971,1.272893,2.107585,0.000020,D
"At the present time, the temperature of the universe (i.e., the microwave radiation background) is about 3 K. When the temperature was 12 K, typical objects in the universe, such as galaxies, were how how many times as distant as they are today?",2.55,0.32,1.92,0.25,D
"Two identical satellites, A and B, are in circular orbits around Earth. The orbital radius of A is twice that of B. Which of the following gives the ratio of the angular momentum of A to the angular momentum of B?",1.414213562,5.437828993,2.054846376,5.800172362,A
"If the Sun were twice as massive, how much stronger would its pull on Mars be? Give your answer as a decimal multiple of the original pull on Mars.",2.0,0.1,4.3,5.2,A
Imagine you're standing on the surface of a shrinking planet. If it shrinks to one-tenth its original diameter with no change in mass on the shrunken surface what decimal multiple of your original weight would you weigh?,242.31,1575.96,100.00,104.15,C
"An astronaut lands on a planet whose mass and radius are each twice that of Earth. If the astronaut weighs 800 N on Earth, how much will he weigh in Newtons on this planet?",400,157,1351,1691,A
"White light is normally incident on a puddle of water (index of refraction 1.33). A thin (500 nm) layer of oil (index of refraction 1.5) floats on the surface of the puddle. Of the following, the most strongly reflected wavelength in nanometers is:",473,597,435,600,D
"Light from a laser falls on a pair of very narrow slits separated by 0.5 micrometer, and bright fringes separated by 1.0 millimeter are observed on a distant screen. If the frequency of the laser light is doubled, what will be the separation of the bright fringes in millimeters?",0.50,2.59,0.93,0.79,A
"A gas cell with an optical path length of 10 cm is placed in one arm of a Michelson interferometer. If the light source for the interferometer is a laser with wavelength 632.2 nm, then 100 fringes are counted as the gas cell is evacuated. What is the index of refraction of the original gas?",1.00129,1.00032,0.99924,0.99928,B
"Under certain conditions, a beam of electrons impinging on a crystal surface will diffract and a scattering pattern of the beam can be obtained. Assume the lattice spacing of the crystal to be 0.4 nm. What is the approximate kinetic energy of the electrons in electron-volts needed in order to see the pattern?",132.4,10.0,161.7,149.1,B
"Blue light of wavelength 480 nanometers is most strongly reflected off a thin film of oil on a glass slide when viewed near normal incidence. Assuming that the index of refraction of the oil is 1.2 and that of the glass is 1.6, what is the minimum thickness of the oil film in nanometers (other than zero) ?",333,200,136,379,B
"A grating spectrometer can just barely resolve two wavelengths of 500 nm and 502 nm, respectively. Which of the following gives the resolving power of the spectrometer?",250,6919,12380,655,A
Unpolarized light is incident on a pair of ideal linear polarizers whose transmission axes make an angle of 45 with each other. The transmitted light intensity through both polarizers is what percentage of the incident intensity?,25,30,96,28,B
An object is placed 100 cm from a plane mirror. How far is the image from the object in centimeters?,338,406,200,23,C
An object is placed 10 cm in front of a diverging mirror. What is the focal length of the mirror in centimeters if the image appears 2 cm behind the mirror?,-2.50000,-1.46965,-3.90475,-0.32177,A
"Protons used in cancer therapy are typically accelerated to about 0.6c. How much work in units of mc^2 must be done on a particle of mass m in order for it to reach this speed, assuming it starts at rest?",0.96,0.25,0.47,1.88,B
"If the total energy of a particle of mass m is equal to twice its rest energy, then the magnitude of the particle's relativistic momentum in units of mc is",0.661347049,1.732050808,0.651815206,0.747085609,B
A rod measures 1.00 m in its rest system. How fast must an observer move parallel to the rod to measure its length to be 0.80 m? Provide answer in units of the speed of light c.,0.5,0.7,0.6,0.9,C
"A particle decays in 2.0 ms in its rest frame. If the same particle moves at v=0.60c in the lab frame, how far will it travel in meters in the lab before decaying?",57,242,450,48,C
A tube of water is traveling at 1/2 c relative to the lab frame when a beam of light traveling in the same direction as the tube enters it. The index of refraction of water is 4/3. What is the speed of light in the water relative to the lab frame? Provide answer in units of the speed of light c.,0.91,1.12,0.57,1.20,A
The rest mass of a particle in units of GeV/(c^2) with total energy 5.0 GeV and momentum 4.9 GeV/c is approximately,1.5,1.1,0.0,1.0,D
"Two spaceships approach Earth with equal speeds, as measured by an observer on Earth, but from opposite directions. A meterstick on one spaceship is measured to be 60 cm long by an occupant of the other spaceship. What is the speed of each spaceship, as measured by the observer on Earth? Give your answer in units of the speed of light c.",0.9,0.3,0.5,0.8,C
"An observer O at rest midway between two sources of light at x = 0 and x = 10 m observes the two sources to flash simultaneously. According to a second observer O', moving at a constant speed parallel to the x-axis, one source of light flashes 13 ns before the other. Which of the following is the speed of O' relative to O? Give your answer in units of the speed of light c.",0.26,0.36,0.13,0.14,B
The coefficient of static friction between a small coin and the surface of a turntable is 0.30. The turntable rotates at 33.3 revolutions per minute. What is the maximum distance in meters from the center of the turntable at which the coin will not slide?,0.113,0.136,0.242,0.341,C
"One end of a horizontal, massless spring is attached to a wall. A mass of 0.30 kg is attached to the other end of the spring and rests on a table. The mass is displaced 0.030 m from its equilibrium position and released. It has a speed of 0.040 m/s as it passes through its equilibrium position. In the absence of friction, what is the total mechanical energy of the system in milli-joules(mJ)?",0.77,0.37,0.16,0.24,D
"A student makes 10 one-second measurements of the disintegration of a sample of a long-lived radioactive isotope and obtains the following values: 3, 0, 2, 1, 2, 4, 0, 1, 2, 5. How many seconds should the student count to establish the rate to an uncertainty of 1 percent?",1656,2341,5000,7578,C
"The driver of a police car hears an echo of the car's siren from a wall toward which the car is moving with a speed of 3.5 m/s. If the speed of sound is 350 m/s and the frequency of the siren is 600 Hz, the driver hears the echo at a frequency in Hz nearest to which of the following?",629,612,604,621,B
"A particle is constrained to move in a circle with a 10-meter radius. At one instant, the particle's speed is 10 meters per second and is increasing at a rate of 10 meters per second squared. The angle in degrees between the particle's velocity and acceleration vectors is",61,45,106,54,B
"An organ pipe, closed at one end and open at the other, is designed to have a fundamental frequency of C (131 Hz). What is the frequency in Hz of the next higher harmonic for this pipe?",393,193,392,463,A
"The suspension cable of a 1,000 kg elevator snaps, sending the elevator moving downward through its shaft. The emergency brakes of the elevator stop the elevator shortly before it reaches the bottom of the shaft. If the elevator fell a distance of 100 m starting from rest, the heat in joules that the brakes must dissipate to bring the elevator safely to rest is",249166,181293,742162,1000000,D
"A 10 kg box slides horizontally without friction at a speed of 1 m/s. At one point, a constant force is applied to the box in the direction of its motion. The box travels 5 m with the constant force applied. The force is then removed, leaving the box with a speed of 2 m/s. Which of the following gives the magnitude of the applied force in newtons?",3,6,5,2,A
A spring of force constant k is stretched a certain distance. It takes twice as much work to stretch a second spring by half this distance. The force constant of the second spring in units of force constant k is:,10,3,4,8,D
Sound waves moving at 350 m/s diffract out of a speaker enclosure with an opening that is a long rectangular slit 0.14 m across. At about what frequency in Hz will the sound first disappear at an angle of 45 degrees from the normal to the speaker face?,4247,3500,2876,5990,B
"An object is thrown horizontally from the open window of a building. If the initial speed of the object is 20 m/s and it hits the ground 2.0 s later, from what height in meters was it thrown? (Neglect air resistance and assume the ground is level.)",4.1,16.6,19.6,0.8,C
"In a nonrelativistic, one-dimensional collision, a particle of mass 2m collides with a particle of mass m at rest. If the particles stick together after the collision, what decimal multiple of the initial kinetic energy is lost in the collision?",0.4056,0.3333,0.4336,0.3232,B
A 10N force at an angle 45 degrees above the horizontal has a horizontal component of how many newtons?,7,8,11,2,A
"Two simple pendulums A and B consist of identical masses suspended from strings of length L_A and L_B, respectively. The two pendulums oscillate in equal gravitational fields. If the period of pendulum B is twice the period of pendulum A, what is the length of pendulum B in units of length of pendulum A.",3.7,2.5,4.0,3.3,C
"In the absence of air resistance a ball of mass m is tossed upward to reach a height of 20 m. At the 10-m position half way up, the net force on the ball in units of mg(mass*gravity) is",0.16,1.00,0.12,1.51,B
"According to Hooke's law, if you hang by a tree branch and note how much it bends, then hanging with twice the weight produces what decimal multiple of the original bend?",6.3,1.1,0.3,2.0,D
An airplane with its nose pointing north with an airspeed of 40 km/h in a 30-km/h crosswind (at right angles) has a groundspeed in km/h of,79,24,50,26,C
"If the frequency of one source of sound is 500 Hz and a second sound source is 504 Hz, then when the two waves interfere with each other, the beat frequency in Hz will be",2,4,10,20,B
"For a tube closed at one end, the length of the tube at a frequency of 256 Hz will be what decimal multiple of the length of a tube open at both ends?",6.72,0.85,0.50,0.67,C
A cannonball is fired horizontally at 10 m/s from a cliff. Its speed one second after being fired in m/s is about,23,12,14,19,C
The power in watts required to raise a 100-kg crate a vertical distance of 2 m in a time of 4 s is,500,607,2147,2663,A
The work done in joules on a 100-kg crate that is hoisted 2 m in a time of 4 s is,449,2000,3237,615,B
"Compared with a fundamental tone, the frequency of its second harmonic is what decimal multiple of the fundamental tone",4.7,3.2,2.3,2.0,D
A string is plucked producing four loops (antinodes). The length of the string is 12.00 m. The wavelength of the wave in meters must be,6,57,65,81,A
"A soccer ball, at rest on the ground, is kicked with an initial velocity of 10 m/s at a launch angle of 30 degrees. Calculate its total flight time in seconds, assuming that air resistance is negligible.",3.3,1.0,0.5,6.3,B
"A solid sphere (I = 0.06 kg*m^2) spins freely around an axis through its center at an angular speed of 20 rad/s. It is desired to bring the sphere to rest by applying a friction force of magnitude 2.0 N to the sphere's outer surface, a distance of 0.30 m from the sphere's center. How long in seconds will it take the sphere to come to rest?",4.64,2.00,3.76,6.81,B
"A liquid flows at a constant flow rate through a pipe with circular cross-sections of varying diameters. At one point in the pipe, the diameter is 2 cm and the flow speed is 18 m/s. What is the flow speed in meters per second at another point in this pipe, where the diameter is 3 cm?",8,4,17,0,A
"An ideal fluid flows through a pipe with radius Q and flow speed V. If the pipe splits up into three separate paths, each with radius (Q/2), what is the flow speed through each of the paths in units of V?",5.181,1.333,2.823,4.739,B
A small cart of mass m is initially at rest. It collides elastically with a large cart of mass 4m and velocity v. The large cart loses half its kinetic energy to the little cart. What is the new velocity of the little cart in units of v?,3.15,1.41,3.71,0.15,B
A solid plastic cube with uniform density (side length = 0.5 m) of mass 100 kg is placed in a vat of fluid whose density is 1200 kg/m^3. What decimal value of the cube's volume floats above the surface of the fluid?,0.3333,0.8956,1.3883,1.2959,A
"A body moving in the positive x direction passes the origin at time t = 0. Between t = 0 and t = 1 second, the body has a constant speed of 24 meters per second. At t = 1 second, the body is given a constant acceleration of 6 meters per second squared in the negative x direction. The position x of the body in meters at t = 11 seconds is",71,163,-106,-36,D
"A textbook weighs 30 N at sea level. Earth's radius is 6,400 km. Which of the following is the best estimate of the textbook's weight in newtons on a mountain peak located 6,000 m above sea level?",39.3,38.7,30.0,79.9,C
A car starts from rest and uniformly accelerates to a final speed of 20.0 m/s in a time of 15.0 s. How far in meters does the car travel during this time?,888,260,150,840,C
A cannon is mounted on a truck that moves forward at a speed of 5 m/s. The operator wants to launch a ball from a cannon so the ball goes as far as possible before hitting the level surface. The muzzle velocity of the cannon is 50 m/s. At what angle in degrees from the horizontal should the operator point the cannon?,19,49,8,84,B
A rock is dropped off a cliff and strikes the ground with an impact velocity of 30 m/s. How high in meters was the cliff?,45,70,77,58,A
"A cylinder with a movable piston contains a gas at pressure P = 1 x 10^5 Pa, volume V = 20 cm^3, and temperature T = 273 K. The piston is moved downward in a slow steady fashion allowing heat to escape the gas and the temperature to remain constant. If the final volume of the gas is 5 cm^3, what will be the resulting pressure in Pa?",447460,1064404,1115373,400000,D
"An electric motor has a label on it that reads: Input: 120V AC, 1.0 Amps, 60 Hz - Efficiency - 75%. At what constant speed in m/s can the motor lift up a 6 kg mass?",2.4,2.1,1.5,1.7,C
"A rubber ball (mass = 0.08 kg) is dropped from a height of 3.2 m, and after bouncing off the floor, rises almost to its original height. If the impact time with the floor is measured to be 0.04 s, what average force in newtons did the floor exert on the ball?",49,32,61,47,B
A stone is thrown vertically upward in the positive y direction with an initial speed of 5 m/s. What is the velocity in m/s of the stone 3 seconds later?,-38,17,-45,-25,D
"A disk of radius 0.1 m initially at rest undergoes an angular acceleration of 2.0 rad/s^2. If the disk only rotates, find the total distance in meters traveled by a point on the rim of the disk in 4.0 s.",1.0,1.6,1.5,0.9,B
A particle's kinetic energy is changing at a rate of 6.0 J/s when its speed is 3.0 m/s. What is the magnitude of the force on the particle in newtons at this moment?,1.9,2.0,2.1,12.7,B
What happens to the force of gravitational attraction between two small objects if the mass of each object is doubled and the distance between their centers is doubled? Give your answer in units of the original gravitational force between the two objects.,1.0,2.7,5.3,0.2,A
"A magnetic field is directed perpendicular to the plane of a circular coil of area 0.2 m^2 and 250 turns. If the magnetic field is increased from 0.01 T to 0.06 T during a time interval of 0.25 s, the average induced EMF in volts in the coil is",0.14,6.35,10.00,11.31,C
The speed of light in meters per second inside of a nonmagnetic dielectric material with a dielectric constant of 4.0 is,992131058,305321317,963603787,150000000,D
"A resistor in a circuit dissipates energy at a rate of 1 W. If the voltage across the resistor is doubled, what will be the new rate of energy dissipation in Watts?",4.00,2.67,1.48,3.89,A
"A 3-microfarad capacitor is connected in series with a 6-microfarad capacitor. When a 300-volt potential difference is applied across this combination, the total energy in joules stored in the two capacitors is",0.48,0.09,0.25,0.13,B
"According to Coulomb, a pair of charged particles placed twice as close to each other experience what amount of force? Give your answer in units of the original force experienced by the two particles.",4.91,4.00,2.41,1.98,B
"The plates of a capacitor are charged to a potential difference of 5 V. If the capacitance is 2 mF, what is the charge on the positive plate in coulombs?",0.170,0.010,0.486,0.627,B
"In a certain region, the electric field varies with the radius away from origin by the equation E(r) = 6r^2 + 4r + 3, where r is given in meters and E in N/C. The potential difference in volts between the origin and the point (3, 4) is",185,77,284,119,A
"An ideal battery of constant voltage V supplies current to a circuit that has total resistance R. If R is doubled, what will be the total power dissipated by the circuit in units of the original power dissipation?",5.4,0.9,0.5,3.8,C
An electric dipole consists of a pair of equal but opposite point charges of magnitude 4.0 nC separated by a distance of 2.0 cm. What is the electric field strength in units of N/C at the point midway between the charges?,939177,410378,720000,433386,C
"Traveling at an initial speed of 1.5 x 10^6 m/s, a proton enters a region of constant magnetic field of magnitude 1.5 T. If the proton's initial velocity vector makes an angle of 30 degrees with the magnetic field, compute the proton's speed 4 s after entering the magnetic field. Provide your answer in m/s.",9811592,5094500,2425205,1500000,D
An object carries a charge of 1 C. How many excess electrons does it contain?,6250000000000000000,18273357569427185664,8800814676781850624,33533736147716947968,A
A particle of mass m and charge Q and velocity V is directed toward a uniform electric field of strength E and travels a distance d. How far does the particle travel in units of distance d if the original velocity is doubled and the mass is cut in half?,6.3,2.0,0.6,3.6,B
How much current in amperes does a 60 W light bulb draw if it operates at a voltage of 120 V ?,6.10,6.01,1.32,0.50,D
"A charged particle moves through a magnetic field and experiences a force F. New particles are sent into the same magnetic field. If the new particles have twice the charge, twice the mass, and twice the velocity, the new force in units of F would be",2.9,3.2,0.1,4.0,D
"At 20 degrees C, a pipe open at both ends resonates at a frequency of 440 hertz. At what frequency in Hz does the same pipe resonate on a particularly cold day when the speed of sound is 3 percent lower than it would be at 20 degrees C ?",427,448,437,415,A
"If the absolute temperature of a blackbody is increased by a factor of 3, what is the new energy radiated per second per unit area? Provide your answer in units of the original energy radiated per second per unit area.",58.102047436,1.524741697,39.896692241,81.000000000,D
"When 100 J are put into a device that puts out 40 J of useful work, the efficiency of the device as a decimal is",1.1,0.3,0.4,1.4,C
"What happens to the pressure, P, of an ideal gas if the temperature is increased by a factor of 2 and the volume is increased by a factor of 8? Provide your answer in units of the original pressure P.",5.8564,0.2500,6.5967,3.3461,B
